<?xml version="1.0" encoding="UTF-8"?>
<project version="4">
  <component name="ArtifactsWorkspaceSettings">
    <artifacts-to-build>
      <artifact name="taller-2:war exploded" />
    </artifacts-to-build>
  </component>
  <component name="AutoImportSettings">
    <option name="autoReloadType" value="SELECTIVE" />
  </component>
  <component name="ChangeListManager">
    <list default="true" id="d625f782-932a-4191-950c-55f4a4f4e6d7" name="Changes" comment="">
      <change afterPath="$PROJECT_DIR$/.gitignore" afterDir="false" />
      <change afterPath="$PROJECT_DIR$/.idea/encodings.xml" afterDir="false" />
      <change afterPath="$PROJECT_DIR$/.idea/misc.xml" afterDir="false" />
      <change afterPath="$PROJECT_DIR$/.idea/vcs.xml" afterDir="false" />
      <change afterPath="$PROJECT_DIR$/.idea/workspace.xml" afterDir="false" />
      <change afterPath="$PROJECT_DIR$/.mvn/wrapper/maven-wrapper.jar" afterDir="false" />
      <change afterPath="$PROJECT_DIR$/.mvn/wrapper/maven-wrapper.properties" afterDir="false" />
      <change afterPath="$PROJECT_DIR$/mvnw" afterDir="false" />
      <change afterPath="$PROJECT_DIR$/mvnw.cmd" afterDir="false" />
      <change afterPath="$PROJECT_DIR$/pom.xml" afterDir="false" />
      <change afterPath="$PROJECT_DIR$/src/main/java/co/edu/sena/taller2/HelloServlet.java" afterDir="false" />
      <change afterPath="$PROJECT_DIR$/src/main/java/model/user.java" afterDir="false" />
      <change afterPath="$PROJECT_DIR$/src/main/webapp/WEB-INF/web.xml" afterDir="false" />
      <change afterPath="$PROJECT_DIR$/src/main/webapp/index.jsp" afterDir="false" />
      <change afterPath="$PROJECT_DIR$/src/main/webapp/register.jsp" afterDir="false" />
      <change afterPath="$PROJECT_DIR$/src/main/webapp/signin.css" afterDir="false" />
      <change afterPath="$PROJECT_DIR$/src/main/webapp/styles.css" afterDir="false" />
    </list>
    <option name="SHOW_DIALOG" value="false" />
    <option name="HIGHLIGHT_CONFLICTS" value="true" />
    <option name="HIGHLIGHT_NON_ACTIVE_CHANGELIST" value="false" />
    <option name="LAST_RESOLUTION" value="IGNORE" />
  </component>
  <component name="FileTemplateManagerImpl">
    <option name="RECENT_TEMPLATES">
      <list>
        <option value="CSS File" />
        <option value="Jsp File" />
        <option value="Class" />
      </list>
    </option>
  </component>
  <component name="Git.Settings">
    <option name="RECENT_GIT_ROOT_PATH" value="$PROJECT_DIR$" />
  </component>
  <component name="ProjectId" id="2P1VPuWaJ09X8NqqYmmOdZ03u1T" />
  <component name="ProjectLevelVcsManager" settingsEditedManually="true" />
  <component name="ProjectViewState">
    <option name="hideEmptyMiddlePackages" value="true" />
    <option name="showLibraryContents" value="true" />
  </component>
  <component name="PropertiesComponent">{
  &quot;keyToString&quot;: {
    &quot;RunOnceActivity.OpenProjectViewOnStart&quot;: &quot;true&quot;,
    &quot;RunOnceActivity.ShowReadmeOnStart&quot;: &quot;true&quot;,
    &quot;SHARE_PROJECT_CONFIGURATION_FILES&quot;: &quot;true&quot;,
    &quot;WebServerToolWindowFactoryState&quot;: &quot;false&quot;,
    &quot;last_opened_file_path&quot;: &quot;C:/Users/APRENDIZ/Desktop/taller-2&quot;,
    &quot;list.type.of.created.stylesheet&quot;: &quot;CSS&quot;,
    &quot;node.js.detected.package.eslint&quot;: &quot;true&quot;,
    &quot;node.js.detected.package.tslint&quot;: &quot;true&quot;,
    &quot;node.js.selected.package.eslint&quot;: &quot;(autodetect)&quot;,
    &quot;node.js.selected.package.tslint&quot;: &quot;(autodetect)&quot;,
    &quot;project.structure.last.edited&quot;: &quot;Modules&quot;,
    &quot;project.structure.proportion&quot;: &quot;0.0&quot;,
    &quot;project.structure.side.proportion&quot;: &quot;0.0&quot;,
    &quot;vue.rearranger.settings.migration&quot;: &quot;true&quot;
  }
}</component>
  <component name="RecentsManager">
    <key name="MoveFile.RECENT_KEYS">
      <recent name="C:\xampp\vr_java\taller-2\src\main\webapp" />
    </key>
  </component>
  <component name="RunManager">
    <configuration name="JBoss/WildFly 27.0.1.Final" type="JBossConfiguration" factoryName="Local" APPLICATION_SERVER_NAME="JBoss/WildFly 27.0.1.Final" ALTERNATIVE_JRE_ENABLED="false" nameIsGenerated="true">
      <option name="OPEN_IN_BROWSER_URL" value="http://localhost:8080/" />
      <option name="BROWSER_ID" value="98ca6316-2f89-46d9-a9e5-fa9e2b0625b3" />
      <option name="UPDATING_POLICY" value="redeploy-artifacts" />
      <deployment>
        <artifact name="taller-2:war exploded">
          <settings />
        </artifact>
      </deployment>
      <server-settings>
        <option name="SERVER" />
        <option name="BINDING_SET_NAME" value="" />
        <option name="DOMAIN" value="false" />
        <option name="SERVER_GROUP" value="main-server-group" />
        <option name="USERNAME" value="" />
        <option name="CREDENTIAL_ALIAS" />
      </server-settings>
      <predefined_log_file enabled="true" id="JBoss" />
      <RunnerSettings RunnerId="Debug">
        <option name="DEBUG_PORT" value="63139" />
      </RunnerSettings>
      <ConfigurationWrapper VM_VAR="JAVA_OPTS" RunnerId="Cover">
        <option name="USE_ENV_VARIABLES" value="true" />
        <STARTUP>
          <option name="USE_DEFAULT" value="true" />
          <option name="SCRIPT" value="" />
          <option name="VM_PARAMETERS" value="" />
          <option name="PROGRAM_PARAMETERS" value="" />
        </STARTUP>
        <SHUTDOWN>
          <option name="USE_DEFAULT" value="true" />
          <option name="SCRIPT" value="" />
          <option name="VM_PARAMETERS" value="" />
          <option name="PROGRAM_PARAMETERS" value="" />
        </SHUTDOWN>
      </ConfigurationWrapper>
      <ConfigurationWrapper VM_VAR="JAVA_OPTS" RunnerId="Debug">
        <option name="USE_ENV_VARIABLES" value="true" />
        <STARTUP>
          <option name="USE_DEFAULT" value="true" />
          <option name="SCRIPT" value="" />
          <option name="VM_PARAMETERS" value="" />
          <option name="PROGRAM_PARAMETERS" value="" />
        </STARTUP>
        <SHUTDOWN>
          <option name="USE_DEFAULT" value="true" />
          <option name="SCRIPT" value="" />
          <option name="VM_PARAMETERS" value="" />
          <option name="PROGRAM_PARAMETERS" value="" />
        </SHUTDOWN>
      </ConfigurationWrapper>
      <ConfigurationWrapper VM_VAR="JAVA_OPTS" RunnerId="Run">
        <option name="USE_ENV_VARIABLES" value="true" />
        <STARTUP>
          <option name="USE_DEFAULT" value="true" />
          <option name="SCRIPT" value="" />
          <option name="VM_PARAMETERS" value="" />
          <option name="PROGRAM_PARAMETERS" value="" />
        </STARTUP>
        <SHUTDOWN>
          <option name="USE_DEFAULT" value="true" />
          <option name="SCRIPT" value="" />
          <option name="VM_PARAMETERS" value="" />
          <option name="PROGRAM_PARAMETERS" value="" />
        </SHUTDOWN>
      </ConfigurationWrapper>
      <method v="2">
        <option name="Make" enabled="true" />
        <option name="BuildArtifacts" enabled="true">
          <artifact name="taller-2:war exploded" />
        </option>
      </method>
    </configuration>
  </component>
  <component name="SpellCheckerSettings" RuntimeDictionaries="0" Folders="0" CustomDictionaries="0" DefaultDictionary="application-level" UseSingleDictionary="true" transferred="true" />
  <component name="TaskManager">
    <task active="true" id="Default" summary="Default task">
      <changelist id="d625f782-932a-4191-950c-55f4a4f4e6d7" name="Changes" comment="" />
      <created>1682624554237</created>
      <option name="number" value="Default" />
      <option name="presentableId" value="Default" />
      <updated>1682624554237</updated>
      <workItem from="1682624556042" duration="1400000" />
      <workItem from="1682626328147" duration="7906000" />
      <workItem from="1682711067427" duration="473000" />
      <workItem from="1682711754982" duration="726000" />
      <workItem from="1682713034123" duration="2604000" />
    </task>
    <servers />
  </component>
  <component name="TypeScriptGeneratedFilesManager">
    <option name="version" value="3" />
  </component>
  <component name="com.intellij.coverage.CoverageDataManagerImpl">
    <SUITE FILE_PATH="coverage/taller_2$JBoss_WildFly_27_0_1_Final.ic" NAME="JBoss/WildFly 27.0.1.Final Coverage Results" MODIFIED="1682711766583" SOURCE_PROVIDER="com.intellij.coverage.DefaultCoverageFileProvider" RUNNER="idea" COVERAGE_BY_TEST_ENABLED="false" COVERAGE_TRACING_ENABLED="false" />
  </component>
</project>